Sean,Oliver,Marie-thérèse
Carol,Miller,Sòng
Martin,Ford,Alizée
Deborah,Watson,Agnès
Aaron,Oliver,Yáo
Daniel,Sanchez,Hélène
Phyllis,Harris,Andréanne
Dorothy,Garcia,Maïlys
Beverly,Williamson,Inès
Alice,Gilbert,Vénus
Evelyn,Henderson,Yè
Matthew,West,Dorothée
Fred,Wagner,Amélie
Maria,Rodriguez,Tán
Julie,Roberts,Athéna
Randy,Baker,Noëlla
Henry,Hamilton,Kuí
Shawn,Sanchez,Méthode
Todd,Patterson,Styrbjörn
Helen,Tucker,Clémence
Annie,Bishop,Ruò
George,Stanley,Léa
Willie,Hansen,Marie-josée
Jeremy,Bradley,Méryl
Julia,Hamilton,Séréna
Kevin,Clark,Almérinda
Steve,Jackson,Börje
Louis,Fox,Gaïa
Willie,Gilbert,Solène
Denise,Hunt,Lorène
Terry,Bailey,Loïca
Deborah,Lane,Intéressant
Lawrence,Long,Cinéma
Juan,Owens,Aloïs
William,Castillo,Clémentine
Wayne,Kelley,Irène
Theresa,Collins,Lài
William,Carter,Stévina
Robin,Hill,Gösta
Craig,Perry,Clémence
Cheryl,Kelley,Maëly
Norma,Thompson,Célia
George,Torres,Angélique
Frank,Phillips,Yú
Howard,Richardson,Pénélope
Brian,Hernandez,Athéna
Beverly,Fuller,Hélène
Antonio,Murray,Dorothée
Denise,Bryant,Angèle
Phyllis,Arnold,Gaétane
Jesse,Smith,Mårten
Joshua,Payne,Maïlys
Lori,Grant,Yú
Brandon,Castillo,Wá
Patrick,Richardson,Lyséa
Mildred,Carroll,Mén
Patrick,Freeman,Méng
Aaron,Vasquez,Mélinda
Martin,Johnson,Gérald
Ashley,Richardson,Alizée
Douglas,Ward,Torbjörn
Maria,Turner,Angélique
George,Williams,Dà
Larry,Fields,Béatrice
Katherine,Johnson,Wá
Jesse,Gonzalez,Anaïs
Antonio,Lee,Noémie
Timothy,Foster,Vérane
Janice,Hamilton,Gaïa
Janice,Frazier,Garçon
Pamela,Pierce,Lóng
Jose,Arnold,Åslög
Joseph,Weaver,Esbjörn
Jesse,Gonzalez,Maéna
Wanda,Montgomery,Esbjörn
Steven,Austin,Måns
Joshua,Ferguson,Cinéma
Benjamin,Hayes,Yú
Kenneth,Brooks,Bénédicte
Judith,Morales,Sélène
Bobby,Thomas,Tán
Kimberly,Kelly,Hélène
Mildred,George,Océanne
Stephen,Stevens,Océanne
Jean,Simpson,Östen
Jacqueline,Gomez,Maïté
Carol,Shaw,Léa
Mark,Simmons,Réjane
Jane,Scott,Célestine
Jeremy,Bennett,Åke
Diana,Evans,Maïwenn
Heather,Hall,Lèi
Kathy,Adams,Néhémie
Helen,Cole,Aí
Christine,Bradley,Rachèle
Randy,Pierce,Vénus
Judith,Mason,Mélina
Kenneth,Hughes,Françoise
Emily,Parker,Salomé
Debra,Shaw,Publicité
Elizabeth,Carter,Adèle
Catherine,Little,Mélanie
Samuel,Nichols,Tú
Tammy,Phillips,Bérénice
Peter,Watson,Anaé
Brandon,Ryan,Bérénice
Juan,Castillo,Marie-noël
Donald,Campbell,Dorothée
Jonathan,Fox,Séréna
Adam,Hall,Maëline
Nicole,Frazier,Maéna
Mark,Black,Cunégonde
Alan,Ray,Rachèle
Michelle,Harper,Vérane
Donna,Evans,Méng
Stephen,Stewart,Måns
Rachel,Hudson,Océane
Russell,Allen,Méryl
Todd,Martinez,Maïly
Aaron,Evans,Mélinda
Paula,Tucker,Marie-françoise
Jennifer,Reynolds,Mà
Doris,Pierce,Kuí
Joseph,Wood,Stéphanie
Alice,Frazier,Örjan
Amy,Hamilton,Lauréna
Russell,Williams,Mylène
Jean,Hansen,Cloé
Linda,Wood,Maëlyss
Jeffrey,Roberts,Ruì
Evelyn,Knight,Lyséa
Harry,Sullivan,Kuí
Christina,Andrews,Torbjörn
Kimberly,Lopez,Lén
Karen,Robertson,Åke
Tammy,Hudson,Aí
Steven,Murray,Laïla
Anna,Bowman,Rachèle
Alice,Schmidt,Ophélie
Timothy,Graham,Hélène
Edward,Andrews,Léandre
Martha,Harris,Véronique
Helen,Evans,Médiamass
Phillip,Cox,Lài
Anthony,Bell,Pénélope
Louise,Marshall,Dù
Lisa,Ellis,Cléa
Clarence,Hall,Marylène
Jennifer,Lee,Eloïse
Denise,Lane,Gérald
Sarah,Bailey,Méline
Jesse,Wells,Eléa
Judy,Scott,Lén
Stephen,Cruz,Gaëlle
Roger,Lawrence,Eléa
Donald,Wheeler,Kallisté
Joyce,Johnson,Edmée
Frank,Wells,Maëline
Michael,Chapman,Ophélie
Kimberly,Thomas,Maïlys
Bruce,Crawford,Yè
Andrew,Berry,Noémie
Dorothy,Gardner,Gérald
Philip,Torres,Annotée
Ruby,Howard,Méline
Fred,Gomez,Dù
Lawrence,Stone,Mélanie
Louis,Sanders,Eliès
Carlos,Lewis,Méline
Lillian,Arnold,Cécilia
Janet,King,Personnalisée
Tammy,Davis,Faîtes
Frank,Parker,Garçon
Jesse,Lee,Aurélie
Christine,Hansen,Léandre
Janice,Barnes,Réjane
Ann,Hicks,Lauréna
Earl,Garrett,Véronique
David,James,Anaël
Denise,Grant,Aimée
Nicholas,George,Kallisté
Raymond,Diaz,Méryl
Joe,Willis,Gisèle
Diane,Rivera,Mén
Shirley,Little,Yáo
Tammy,Riley,Zoé
Amy,Rogers,Maéna
Donna,Cox,Annotée
Thomas,Woods,Maëly
Jean,Snyder,Gaëlle
James,Barnes,Eliès
William,Stone,Océane
Keith,Hall,Mélissandre
Karen,Berry,Mahélie
Lawrence,Torres,Lyséa
Kathryn,Moreno,Salomé
Terry,Peters,Yú
Laura,Payne,Audréanne
Kevin,Berry,Stévina
Rose,Adams,Yóu
Irene,Cox,Andrée
Benjamin,Myers,Kù
Johnny,Bell,Michèle
Howard,Payne,Adélaïde
Billy,Welch,Mén
Kathleen,Reid,Océane
Richard,Carr,Mélissandre
Shawn,Hamilton,Françoise
Cynthia,Hall,Uò
Doris,Ross,Nadège
Wayne,Turner,Séverine
Walter,Cooper,Bérénice
George,Banks,Gaïa
Anne,Spencer,Clémence
Raymond,Ward,Angèle
Steven,Carr,Irène
Jerry,Moore,Clélia
Debra,Boyd,Erwéi
Sara,Hudson,Ophélie
Patricia,Richardson,Tán
Harold,Perez,Ophélie
Alan,Stanley,Yénora
Jose,Pierce,Nélie
Shirley,Hall,Marie-françoise
Linda,Carter,Björn
Ernest,Reyes,Crééz
Michelle,Reynolds,Vérane
Doris,Mitchell,Angèle
Russell,Wagner,Marylène
Gloria,Gonzalez,Lyséa
Terry,Arnold,Björn
Arthur,Kennedy,Erwéi
Sandra,Stone,Régine
Donna,Riley,Cléa
Jimmy,Fowler,Rachèle
Eugene,Olson,Laïla
Raymond,Lopez,Adélie
Fred,Grant,Torbjörn
Jerry,Wood,Yè
Sharon,Fields,Valérie
Karen,Bailey,Léonore
Maria,Riley,Mélanie
Lawrence,Stanley,Eléonore
Betty,Campbell,Chloé
Brian,Morris,Dà
Beverly,Riley,Maëlys
Sean,Bryant,Judicaël
Arthur,Garcia,Anaël
Charles,Allen,Gösta
Lawrence,Bishop,Göran
Jose,Frazier,Séverine
Lillian,Henry,Mélinda
Pamela,Stanley,Björn
Gregory,Mendoza,Lài
Harry,Carter,Aloïs
Marie,Willis,Dà
Joe,Ramos,Anaé
Cynthia,Warren,Cécilia
Susan,Jackson,Cunégonde
Patricia,Tucker,Noëlla
Tina,Stevens,Célestine
Stephen,Rice,Léane
George,Frazier,Jú
Tammy,Duncan,Clémentine
Douglas,Harper,Gaïa
Linda,Green,Léane
Ernest,Hayes,Eugénie
Christopher,Harris,Östen
Carol,Bell,Marie-thérèse
Sarah,Berry,Maïlys
Russell,Rivera,Nélie
Roy,Robertson,Aí
Anne,Fuller,Maëlyss
Howard,Clark,Estève
Ruth,Mccoy,Erwéi
Craig,Kim,Lèi
Beverly,Morales,Amélie
Diana,Gibson,Mégane
Gloria,Wood,Nuó
Scott,Black,Daphnée
Antonio,Bell,Clélia
Evelyn,Carr,Ruì
Tammy,Schmidt,Stéphanie
Melissa,Jenkins,Géraldine
Jeremy,Lawson,Åke
Ashley,Sims,Valérie
Shawn,Peters,Léana
Martha,Carroll,Josée
Theresa,Alexander,Kù
Mary,Fisher,Anaé
Dorothy,Foster,Naëlle
Sara,Fox,Nélie
Eugene,Warren,Pål
Lillian,Williams,Fèi
John,Stephens,Bérénice
Harry,Davis,Dafnée
Keith,Gilbert,Maéna
Bonnie,Mitchell,Pål
Kathleen,Perez,Tú
Ruth,Long,Nadège
Keith,Phillips,Aí
Ashley,Fuller,Gösta
Earl,Rice,Réjane
Marilyn,James,Laurélie
Joyce,Edwards,Táng
Raymond,Lewis,Maëlyss
Carolyn,Harper,Gisèle
Dorothy,Williams,Cléa
Lois,Ramos,Faîtes
Joe,Peters,Marie-josée
Henry,Andrews,Adèle
Shirley,Kim,Marie-noël
Harry,Burke,Fèi
Dorothy,Carter,Anaé
Howard,Frazier,Géraldine
Cynthia,Black,Méthode
Benjamin,Torres,Gaétane
Michael,Garcia,Lén
Beverly,Morris,Laurène
Julie,Perez,Lèi
John,Taylor,Célia
Clarence,Gutierrez,Camélia
Andrea,Martinez,Marie-françoise
Earl,Bryant,Irène
Antonio,Murray,Esbjörn
Thomas,Stevens,Géraldine
Randy,Andrews,Mårten
Paula,Harris,Åslög
Fred,Welch,Lóng
Carol,Hart,Lén
Emily,Murray,Léonore
Arthur,White,Lucrèce
Linda,Phillips,Naëlle
Amy,Rivera,Méline
Kevin,Myers,Märta
Douglas,Cruz,Maëline
Juan,Davis,Edmée
Charles,Reynolds,Vérane
Jesse,Diaz,Audréanne
Martha,Mason,Bécassine
Jessica,Lee,Aimée
Nancy,Arnold,Lucrèce
Ann,Dean,Lorène
Adam,Black,Clélia
Diana,Larson,Pénélope
Frank,James,Aí
Susan,Castillo,Mén
Carol,Gardner,Yú
Emily,Duncan,Cécilia
Steve,Gutierrez,Maëlla
Bruce,Taylor,Bénédicte
Paul,Brooks,Annotée
Jacqueline,Alvarez,Gaëlle
Ronald,Torres,Gösta
Teresa,Little,Mahélie
Joan,Simpson,Méng
Anna,Weaver,Cléopatre
Clarence,Baker,Fèi
Earl,Ray,Aloïs
Amanda,Hart,Aloïs
Joseph,Vasquez,Chloé
Maria,Garza,Tú
Lawrence,Reynolds,Mélissandre
Dorothy,White,Sòng
Maria,Carter,Léana
Kathy,Elliott,Stévina
Rebecca,Rogers,Maëlys
Anna,Barnes,Célestine
Evelyn,Reid,Méng
Jose,Phillips,Loïc
Eric,Collins,Mårten
Philip,Jenkins,Gisèle
Randy,Bryant,André
Donald,Holmes,Styrbjörn
Carl,Garza,Marie-josée
Louis,Barnes,Séréna
Earl,Watson,Kuí
Robin,Kelly,Almérinda
Dennis,Morris,Pò
Brenda,Simpson,Amélie
Brenda,Jacobs,Clémentine
Johnny,Diaz,Eliès
Evelyn,Brown,Desirée
Bobby,Little,Mahélie
Chris,Parker,Agnès
Beverly,Howard,Dà
Louise,Riley,Maïlis
Martin,Lewis,Stévina
Maria,Mccoy,Cécilia
Phillip,Lynch,Léonie
Tina,Gomez,Kù
Jerry,Wells,Célestine
Scott,Lee,Dà
Martin,Ray,Léonie
Ann,Wilson,Naéva
Amanda,Romero,Hélèna
Laura,Hunt,Laurélie
Janet,Harvey,Vérane
Timothy,Burke,Laurélie
Stephanie,Greene,Marlène
Denise,Matthews,Personnalisée
Katherine,Dixon,Félicie
Ralph,Mitchell,Östen
Arthur,Medina,Gösta
Julie,Kennedy,Mylène
Alan,Nichols,Réservés
Alan,Crawford,Ruì
Clarence,Thomas,Mahélie
Theresa,Moore,Clélia
Alan,Henry,Styrbjörn
Katherine,Fowler,Cécile
Ronald,Hart,Michèle
Heather,Frazier,Méthode
Ruby,Olson,Åke
Gerald,Larson,Maï
Michael,Franklin,Agnès
Ashley,Brooks,Nélie
Jonathan,Taylor,Mélissandre
Jose,Martin,Lèi
Bobby,Torres,Léane
Roy,Nelson,Océanne
Dennis,Fields,Eugénie
Melissa,Spencer,Maëlyss
Cynthia,Watkins,Simplifiés
Dennis,Nelson,Léana
Gary,Romero,Bérénice
Katherine,Watkins,Edmée
Ralph,Payne,Personnalisée
Laura,Austin,Desirée
Amy,Robinson,Marie-josée
Steve,Hamilton,Maïté
John,Howard,Alizée
Teresa,Burton,Médiamass
Jeffrey,Powell,Aurélie
Thomas,White,Athéna
Joseph,Davis,Mylène
Richard,Duncan,Intéressant
Sara,Olson,Bénédicte
Charles,Adams,Lèi
Frances,Ramirez,Marie-françoise
Ashley,Payne,Clémentine
Carol,Turner,Marie-ève
Evelyn,Sullivan,Alizée
Julia,Roberts,Cécilia
Jimmy,Peterson,Simplifiés
Albert,Johnston,Loïs
Andrea,Hudson,Yáo
Lori,Wells,Yénora
Evelyn,Armstrong,Maïlis
Lillian,Sanders,Mahélie
Peter,Armstrong,Eliès
Charles,Jenkins,Ophélie
Chris,Burton,Miléna
Albert,Frazier,Lyséa
Teresa,Burke,Frédérique
Pamela,Gutierrez,Adélie
Marie,Coleman,Kallisté
Henry,Ellis,Erwéi
Todd,Schmidt,Néhémie
Amy,Gonzales,Simplifiés
Terry,Walker,Pål
Alice,Ramos,Bénédicte
Betty,Wilson,Thérèsa
Nancy,Hayes,Françoise
Beverly,Morrison,Léone
Brenda,Stone,Uò
Earl,Gray,Dù
Carolyn,Bradley,Maïlis
Marie,Berry,Gérald
Ernest,Hughes,Mélina
Janet,Smith,Garçon
Peter,Murphy,Miléna
Norma,Parker,Marie-noël
Jean,Alexander,Mårten
Carol,Burton,Athéna
Sharon,Hughes,Bérangère
Judy,Harper,Béatrice
Sara,Henderson,Anaé
Jonathan,Ellis,Ráo
Diana,Wood,Kù
Gary,Reynolds,Béatrice
Sarah,Burns,Tán
Stephanie,Franklin,Néhémie
Linda,Williamson,Liè
Roger,Banks,Mahélie
Beverly,Wheeler,Lyséa
Juan,Stanley,Yáo
Ryan,Payne,Eugénie
Evelyn,Stephens,Géraldine
William,Wagner,Adélaïde
Evelyn,Welch,Michèle
Carolyn,Stevens,Lyséa
Sandra,Richardson,Lorène
Johnny,James,Stévina
Kathy,Payne,Daphnée
Billy,Hanson,Anaël
Gerald,Castillo,Réjane
Peter,Wagner,Solène
Bobby,Powell,Marie-hélène
Craig,Burton,Clélia
Evelyn,Ramos,Mén
Howard,Watson,Marie-thérèse
Cheryl,Campbell,Pénélope
Charles,Knight,Simplifiés
Deborah,Hart,Uò
Shawn,Hicks,Maëlyss
Carl,King,Andrée
Kevin,Johnson,Vérane
Bruce,Bradley,Noémie
Brian,Hunt,Naëlle
Robin,Cole,Néhémie
Clarence,James,Andrée
Kathleen,Rivera,Adélaïde
Lisa,Schmidt,Anaïs
Bonnie,Butler,Cloé
Janet,Knight,Josée
Louis,Montgomery,Athéna
Rachel,Jackson,Kuí
Anna,Kelley,Laïla
Beverly,Lane,Marie-françoise
Eugene,Medina,Cléopatre
Billy,Tucker,Maëlle
Jean,Snyder,Séréna
Julie,Harrison,Lóng
Kelly,Myers,Naëlle
Kevin,Scott,Pål
George,Foster,Clémentine
Phillip,Hill,Noémie
Carl,Freeman,Hélèna
Lillian,Morgan,Dù
Mildred,Wagner,Åslög
Alice,Hall,Méghane
Carolyn,Edwards,Publicité
Earl,Hill,Méline
Rose,Edwards,Vérane
Dorothy,Welch,Gérald
Todd,Martin,Mélanie
Randy,Stewart,Léonore
Bobby,Miller,Noémie
Ryan,Ray,Noëlla
Sarah,Daniels,Béatrice
Margaret,Welch,Yénora
Diane,Burke,Bécassine
Eric,Bryant,Daphnée
Maria,Hill,Gisèle
Stephen,King,Björn
Lillian,Diaz,Fèi
Clarence,Marshall,Inès
Keith,King,Håkan
Judy,Diaz,Cléopatre
Amy,Nelson,Véronique
Willie,Frazier,Josée
Benjamin,Mills,Réservés
Joan,Chavez,Méthode
David,Ruiz,Personnalisée
Thomas,Lee,Thérèse
Ashley,Campbell,Gérald
Adam,Gibson,Mà
Gloria,Williams,Tán
Bonnie,Schmidt,Géraldine
Maria,Cruz,Vénus
Pamela,Davis,Maëlle
George,Oliver,Cécile
Ruby,Evans,Faîtes
Andrew,Torres,Ruì
Jimmy,Owens,Kù
Sarah,Davis,Zoé
Heather,Kim,Laurélie
Teresa,Mcdonald,Pål
Deborah,Castillo,Illustrée
Carl,Edwards,Maï
Kevin,Hawkins,Mahélie
Heather,Gibson,Régine
Carolyn,Peterson,Cécile
Gerald,Frazier,Anaïs
Robert,Romero,Josée
Judy,Phillips,Eléonore
Doris,West,Hélène
Joe,Murray,Régine
Deborah,Weaver,Estève
Gregory,Cruz,Stévina
Michelle,Hudson,Annotés
Justin,Simpson,Sòng
Annie,Morales,Cunégonde
Kathryn,Kelley,Kévina
Edward,Cruz,Alizée
Christine,Young,Léonie
Carol,Cook,Mélys
Emily,Patterson,Edmée
Anna,Torres,Maïly
Antonio,Rodriguez,Maëlys
Debra,Nichols,Magdalène
Sara,Knight,Célestine
Angela,Kennedy,Adélie
Jeffrey,Johnson,Personnalisée
Eugene,Hunt,Adélaïde
Shawn,Kelly,Bécassine
John,Dunn,Faîtes
Tina,Williamson,Magdalène
Nicole,Scott,Östen
Ruby,Stewart,Judicaël
Melissa,Alexander,Audréanne
Edward,Young,Zhì
Jason,Hunt,Angèle
Alice,Nelson,Magdalène
Ruby,Ray,Lài
Roger,Davis,Laurélie
Roy,Matthews,Félicie
Stephanie,Henderson,Maëlys
Kenneth,Montgomery,Laurène
Carolyn,Nelson,Anaëlle
John,Henderson,Maëline
Robert,Frazier,Athéna
Anne,Martin,Mélina
Janice,Morris,Bérengère
Stephen,Rodriguez,Måns
Maria,Henderson,Anaël
Nicholas,Rice,Rachèle
Louis,Montgomery,Zhì
Joshua,Moore,Angèle
Sarah,Bennett,Östen
Harry,Porter,Marlène
Brenda,Hudson,Léonore
Samuel,Wright,Marlène
Kathleen,Hansen,Clémentine
Wayne,Harper,Maïlys
Denise,Marshall,Andrée
Peter,Johnson,Maïlis
Carl,Chavez,Maïly
Carlos,Ryan,Börje
Tina,Henderson,Naëlle
Gregory,Hughes,Méline
David,Armstrong,Lauréna
Adam,Shaw,Maïté
Mark,Warren,Clélia
Nicole,Simpson,Cléopatre
Cynthia,Alvarez,Stéphanie
Maria,Perkins,Bécassine
Jesse,Harris,Anaïs
Anthony,Hicks,Agnès
Christopher,Graham,Intéressant
Ernest,Peterson,Mylène
Karen,Lopez,Josée
Donald,Scott,Clémence
Russell,Wilson,Maï
Timothy,Thompson,Méthode
Julie,Bowman,Personnalisée
Brandon,Rogers,Aurélie
Catherine,Simpson,Maëlys
Thomas,Gardner,Pål
Heather,Wallace,Bénédicte
Stephanie,Castillo,Marylène
Rachel,Ferguson,Maéna
Marie,Ward,Åke
Frank,Little,Tán
Virginia,Robertson,Eléonore
Kevin,Reyes,Mélys
Dennis,Torres,Géraldine
Heather,Bishop,Gaétane
Jimmy,Arnold,Lauréna
Roger,Robinson,Bérangère
Scott,Franklin,Almérinda
Heather,Baker,Yè
Justin,Webb,Tán
Christina,Johnson,Mégane
Gary,Gutierrez,Aurélie
Phyllis,Woods,Uò
Jose,Schmidt,Vérane
Jane,Murray,Valérie
Lois,Stone,Dafnée
Virginia,Stone,Intéressant
Paula,Diaz,Méryl
Mary,Hill,Dafnée
Lori,Jones,Garçon
Linda,Harris,Åsa
Roger,Martin,Uò
Frank,Cook,Gaëlle
Stephanie,Harvey,Méng
Matthew,Ford,Börje
Janet,Peterson,Yè
Andrea,Bishop,Wá
Katherine,Powell,Félicie
Heather,Hunter,Nuó
Rose,Jordan,Océanne
Debra,Nguyen,Estève
Shirley,Palmer,Ruì
Lois,Wright,Gaétane
Benjamin,Kennedy,Táng
Steve,Young,Ruò
Sean,Gray,Maëlle
Scott,Palmer,Cloé
Thomas,Moreno,Camélia
Joan,Medina,Clémentine
Maria,Clark,Stévina
Joe,Payne,Céline
Amy,Freeman,Françoise
Lillian,Day,Mélanie
Thomas,Johnson,Bérénice
Jane,Wagner,Réjane
Angela,Lynch,Anaïs
Stephanie,Rogers,Loïs
Donald,Ferguson,Océanne
Jean,Wheeler,Mà
Edward,Burke,Esbjörn
Brandon,James,Maëlann
Carlos,Alvarez,Eléa
Annie,Ward,Kuí
Lawrence,White,Anaé
Barbara,Morrison,Styrbjörn
Heather,Lewis,Ruì
Sharon,Murphy,Liè
Ryan,Palmer,Rachèle
Marie,Ferguson,Léana
Ruby,Ferguson,Personnalisée
Sharon,Moreno,Céline
Arthur,Rodriguez,Dafnée
Gerald,Hansen,Ruò
Rebecca,Garrett,Noémie
Henry,Martin,Célia
Martha,Cox,Ráo
Gloria,Perkins,Méghane
Janice,Larson,Chloé
Arthur,Franklin,Irène
Victor,Powell,Mårten
Jean,King,Bénédicte
Janet,Riley,Mén
Helen,Mason,Adélie
Kenneth,Brooks,Aimée
Jonathan,Howard,Inès
Lois,Tucker,Aimée
Jennifer,Reed,Cécilia
Kimberly,Rogers,Cécile
Nicholas,Morris,Eléonore
Stephen,Cunningham,Yénora
Jerry,Vasquez,Eliès
Martha,Andrews,Naéva
Donna,Anderson,Agnès
Jean,Nguyen,Gösta
Christopher,Bailey,Loïs
Julia,Grant,Régine
Irene,Woods,Lèi
Lawrence,Olson,Séverine
Joshua,Graham,Clémentine
Cheryl,Sullivan,Béatrice
Joan,Dunn,Erwéi
Denise,Cole,Solène
Russell,Washington,Lén
Eric,Graham,Sélène
Gerald,Harper,Örjan
Steve,Perez,Stévina
Jesse,Wood,Anaël
Debra,Meyer,Sòng
Gloria,Sanchez,Zhì
Randy,Cruz,Audréanne
Aaron,Hawkins,Geneviève
Melissa,Russell,Görel
Maria,Mitchell,Maëlyss
Carl,Baker,Aí
Lois,Schmidt,Félicie
Jeffrey,Castillo,Mårten
Ryan,Peterson,Dorothée
Walter,Lee,Anaëlle
Douglas,Gardner,Eliès
Melissa,Myers,Maëline
Carlos,Hansen,Loïc
Mark,Richards,Ráo
Fred,Alvarez,Océane
Frank,Martin,Noémie
Michelle,Welch,Mén
Carolyn,Perkins,Estée
Teresa,Montgomery,Wá
Roger,Burton,Réjane
Antonio,Chavez,Maëlla
Denise,Franklin,Célia
Gregory,Lawrence,Åsa
Jason,Henderson,Maëlyss
Kathleen,Rogers,Audréanne
Eugene,Gardner,Lén
Jonathan,Ruiz,Publicité
Louise,Parker,Intéressant
Kathryn,Weaver,Miléna
Russell,Long,Véronique
Harry,Russell,Lóng
Sandra,Freeman,Adèle
Rebecca,Matthews,Clémentine
Todd,Hudson,Adélaïde
Mildred,Butler,Mén
Pamela,Phillips,Béatrice
Christina,Griffin,Irène
Steven,Gibson,Táng
Jeffrey,Daniels,Léone
Willie,Larson,Maïlys
Theresa,Richards,Anaëlle
Thomas,Riley,Desirée
Andrew,Fowler,Yú
James,Evans,Zoé
Mary,Jacobs,Ruò
Kelly,Kennedy,Estée
Richard,Webb,Léa
Sara,Daniels,Méryl
Cynthia,Medina,Loïs
William,Richardson,Edmée
Larry,Moreno,Yénora
Steve,Nichols,Géraldine
Doris,Clark,Styrbjörn
Justin,Brooks,Garçon
Antonio,Hunter,Illustrée
Judith,Larson,Judicaël
Benjamin,Myers,Léandre
Matthew,Dunn,Gérald
Rachel,Powell,Magdalène
Nancy,Moreno,Dù
Benjamin,Franklin,Maëly
Marilyn,Perkins,Maïté
Howard,Dunn,Méghane
Steve,Watkins,Mélina
Timothy,Webb,Annotée
Fred,Harper,Mélissandre
James,Price,Aí
Virginia,Perry,Eugénie
Jimmy,Lewis,Björn
Anthony,Grant,Åsa
Raymond,Grant,Andréanne
Dennis,Mitchell,Néhémie
Wanda,Anderson,Sòng
Diana,Russell,Laurène
Margaret,Owens,Marie-hélène
Jacqueline,Payne,Almérinda
Rose,Harvey,Chloé
Janice,Dixon,Örjan
Michael,Gutierrez,Lucrèce
Frances,Oliver,Françoise
Lillian,Burke,Eugénie
Craig,Martin,Styrbjörn
Ruby,Myers,Angélique
Patricia,Mendoza,Andréanne
Amanda,Jacobs,Frédérique
James,Fernandez,Lauréna
Jimmy,Sims,Alizée
Barbara,Jones,Dafnée
Christina,Hart,Bérénice
Philip,Wright,Maïlys
Ruth,Foster,Torbjörn
Jennifer,Flores,Estée
Kathleen,Romero,Stéphanie
Phyllis,Mitchell,Maï
Bruce,Gordon,Noémie
Catherine,Ray,Uò
Chris,Jenkins,Léa
Billy,Richardson,Mélissandre
Charles,Baker,Cécilia
Carolyn,Moreno,Béatrice
Wanda,Hicks,Göran
Cynthia,Duncan,Eliès
David,Hughes,Gaétane
Henry,Oliver,Håkan
Judy,Edwards,Clélia
Julie,Robinson,Fèi
Sara,Franklin,Mélissandre
Thomas,Lynch,Mylène
Jennifer,Campbell,Lauréna
Diane,Rice,Maïly
Kevin,Butler,Marie-thérèse
Howard,Larson,Cécilia
Jerry,Mccoy,Desirée
Willie,King,Simplifiés
Amanda,Shaw,Gérald
Martha,Ryan,Lauréna
Thomas,Washington,Yáo
Robin,Harrison,Maëline
Amy,Robertson,Maéna
Marilyn,Lynch,Åsa
Lois,Hart,Lèi
Carol,Kelley,Liè
Margaret,Hayes,Cunégonde
Phyllis,Hill,Gisèle
Todd,Wells,Publicité
Jane,Payne,Aloïs
Alice,Medina,Marie-françoise
Annie,Fisher,Marie-hélène
Donna,Morgan,Adèle
Anna,Thompson,Josée
Rachel,Rose,Léa
Willie,Fields,Pélagie
Carl,Harper,Rachèle
Julia,White,Hélène
Cheryl,Hudson,Maïté
Jessica,Kelly,Kallisté
Larry,Hall,Magdalène
Gloria,Davis,Noémie
Gloria,Harvey,Ráo
Maria,Berry,Naéva
Ruby,Gutierrez,Zoé
Wayne,Bowman,Anaé
Amanda,Powell,Nadège
Mark,Robinson,Méryl
Laura,Reed,Noémie
Billy,Hall,Björn
Lori,Foster,Wá
Diana,Castillo,Frédérique
Randy,Diaz,Léane
Raymond,Ruiz,Laurène
Marie,Allen,Zhì
Marilyn,Ryan,Vénus
Joseph,Ray,Adèle
Deborah,Gray,Cléopatre
Rose,Henry,Méthode
Irene,Scott,Kévina
Albert,Pierce,Gisèle
Lois,Chapman,Aimée
Arthur,Barnes,Nuó
Margaret,Bell,Eléonore
Gerald,Castillo,Nélie
Laura,Brown,Athéna
Ruby,Harrison,Dù
Patrick,Harper,Cinéma
Carl,Phillips,Estée
Kathleen,Mitchell,Léana
Charles,Murphy,Gösta
Janice,Wilson,Mårten
Nicholas,Johnston,Solène
Teresa,Harris,Eléa
Louis,Ellis,Estée
Paula,Alexander,Léane
Deborah,Kennedy,Faîtes
Rachel,Gray,Noëlla
Nancy,Fernandez,Maïwenn
Clarence,Jenkins,Cinéma
Lawrence,Thompson,Nélie
Kelly,Graham,Pélagie
Timothy,Hall,Mahélie
Russell,Kim,Märta
Peter,Bell,Ráo
Bruce,Fox,Réservés
Tina,Castillo,Östen
Eugene,Cooper,Maëlle
Tammy,Foster,Mårten
Carlos,Jones,Pò
Donald,Hanson,Eloïse
Margaret,Rodriguez,Cléa
Juan,Henderson,André
Susan,Cole,Dafnée
James,Moreno,Marlène
Michael,Henderson,Desirée
Wayne,Mcdonald,Edmée
Gary,Castillo,Noëlla
Donna,Carpenter,Håkan
Eugene,Harris,Géraldine
Sharon,Lewis,Léana
Christopher,Graham,Nélie
Bruce,Flores,Dorothée
Antonio,Davis,Bérénice
Shirley,Young,Anaël
Ashley,Marshall,Bérengère
Kevin,Myers,Björn
Juan,Johnson,Miléna
Victor,Dean,Maëlys
Kathryn,Freeman,Béatrice
Carol,Bailey,Anaëlle
Christina,Taylor,Göran
Carl,Alexander,Bénédicte
Brian,Brooks,Marie-hélène
Joshua,Austin,Séverine
Walter,Garza,Félicie
Edward,Coleman,Gisèle
Robert,Stevens,Maëlys
Timothy,West,Athéna
Laura,Howell,Dafnée
Billy,Frazier,Estée
Randy,Wagner,Andréa
Ruth,Collins,Clélia
Elizabeth,Campbell,Laurélie
Brenda,Nichols,Pénélope
Janice,Carter,Judicaël
Andrea,Clark,Méng
Ernest,Ryan,Léa
Ruth,Freeman,Alizée
Elizabeth,Morrison,Alizée
Evelyn,Sims,Eléa
Peter,Little,Géraldine
Phillip,Carr,Maëlann
Willie,Burns,Sòng
Bobby,Boyd,Mélina
Kenneth,Andrews,Aí
Steven,Andrews,Marie-françoise
Elizabeth,Phillips,Bérengère
Joseph,Washington,Eliès
Jacqueline,Franklin,Aí
Ryan,Reyes,Yú
Henry,Butler,Réjane
Christina,Rodriguez,Sòng
Scott,Griffin,Thérèse
John,Burke,Estée
Michael,Mccoy,Océane
Shirley,Jackson,Estève
Julie,Phillips,Hélène
Janet,Watson,Mahélie
Angela,Lawson,Alizée
Richard,Frazier,Josée
Lois,Wood,Léonie
